Frame,ID,Type
4,3,car
4,4,car
4,5,truck
4,6,car
7,12,car
8,13,car
12,18,car
20,24,car
20,25,car
20,26,car
32,38,car
32,39,car
32,40,truck
37,46,car
38,48,car
44,53,car
48,59,car
48,60,bus
49,62,car
3,68,car
3,69,car
3,73,car
3,74,car
4,76,car
4,77,car
6,83,car
8,87,car
10,88,car
10,89,car
17,101,car
22,106,truck
22,108,car
32,128,car
38,134,car
42,138,car
42,139,car
45,140,car
46,142,truck
46,143,truck
46,144,car
49,146,car
50,148,car
50,149,car
50,150,car
53,154,car
53,155,car
3,158,car
3,159,truck
8,163,car
8,164,car
10,170,car
11,171,car
12,172,car
13,174,truck
17,180,car
19,183,truck
35,193,car
35,194,car
37,196,truck
41,202,truck
44,206,car
44,207,car
44,208,car
44,209,car
45,211,car
48,214,car
50,217,car
3,224,car
3,225,car
3,226,car
3,228,car
3,229,car
3,230,car
3,231,truck
3,232,car
3,233,car
3,234,car
3,235,car
3,237,car
3,238,car
3,239,car
3,240,car
3,241,car
4,242,car
5,243,car
11,254,car
19,267,car
22,269,car
22,270,car
24,271,car
33,275,car
46,288,car
49,289,truck
3,296,car
4,297,car
4,298,car
22,305,car
22,306,car
42,310,car
45,311,car
49,312,car
3,316,car
4,318,truck
7,322,car
12,325,truck
17,327,car
27,334,car
28,337,car
41,343,car
4,353,car
4,354,car
4,355,car
4,356,car
4,357,car
4,358,car
4,359,car
4,360,truck
4,361,car
8,363,car
10,364,car
14,373,car
17,377,car
18,378,car
26,383,car
35,391,car
36,392,car
45,398,car
46,399,car
3,411,car
3,412,car
3,413,car
3,414,car
3,415,car
3,416,car
3,417,car
4,420,car
4,422,car
6,424,car
6,425,car
8,427,car
10,431,car
13,434,car
17,437,car
18,438,car
28,447,car
29,450,car
32,453,truck
34,456,car
38,463,car
38,465,car
41,468,car
43,473,truck
49,476,car
49,477,car
50,478,car
53,481,car
3,485,truck
9,488,car
13,490,car
15,493,car
22,498,car
22,499,car
25,501,car
36,504,car
37,506,car
42,509,car
43,510,car
46,512,truck
46,513,car
47,514,car
4,521,car
4,522,truck
9,527,car
27,541,truck
36,546,truck
36,547,car
39,549,truck
52,559,car
3,561,car
3,562,car
3,563,car
3,565,car
4,567,car
7,571,car
9,577,car
16,584,car
19,587,car
21,589,truck
22,590,car
23,591,car
28,595,car
31,596,bus
32,598,car
35,603,car
37,604,car
40,613,car
42,615,truck
51,621,truck
52,622,car
53,626,car
53,627,truck
53,628,car
3,632,car
3,635,car
4,636,car
4,637,truck
6,640,car
7,642,car
17,650,car
22,656,car
28,662,car
28,663,car
36,665,car
37,666,car
44,673,car
47,676,car
5,685,truck
17,692,truck
18,693,car
18,694,car
21,695,car
22,696,car
27,701,car
33,702,car
39,710,car
41,712,car
51,718,car
52,720,car
3,721,car
3,722,car
3,723,car
3,725,truck
3,727,car
3,728,car
3,729,truck
4,732,car
8,735,car
12,739,car
13,740,car
20,742,car
28,752,car
30,755,car
34,760,car
36,764,car
37,766,car
41,775,truck
43,779,car
45,783,car
45,786,car
48,788,truck
48,789,car
52,794,truck
53,798,car
4,809,car
4,810,car
4,812,car
6,818,car
7,819,car
10,826,car
13,833,car
13,834,car
13,836,car
21,841,truck
33,850,car
37,851,car
41,853,truck
3,866,truck
3,867,car
3,868,car
3,869,car
3,870,car
3,871,car
3,873,car
3,874,car
3,875,car
3,876,car
4,877,car
4,878,car
4,879,car
4,881,car
7,885,car
18,896,truck
19,899,car
20,902,car
22,905,car
23,907,bus
26,911,car
39,913,car
39,914,car
39,915,car
39,917,car
39,918,car
39,919,car
39,920,car
39,921,car
46,929,car
50,931,car
50,933,car
50,934,car
52,937,car
3,940,car
4,942,bus
4,943,truck
4,944,car
4,945,car
5,947,car
7,949,car
15,959,car
24,961,car
30,964,car
33,965,truck
36,967,truck
3,976,car
19,987,car
20,989,truck
23,992,truck
27,995,car
30,999,car
42,1002,car
46,1008,car
47,1009,car
4,1020,truck
6,1021,car
14,1030,car
41,1035,car
13,1052,car
23,1060,car
26,1066,car
3,1076,car
3,1077,truck
3,1080,car
4,1082,car
6,1086,car
9,1094,car
11,1098,car
14,1103,car
16,1105,car
19,1110,car
19,1111,car
21,1113,car
25,1118,car
32,1127,truck
35,1130,car
3,1143,car
3,1144,car
3,1146,car
3,1147,car
3,1148,car
3,1149,bus
3,1151,car
3,1153,truck
4,1154,car
4,1155,car
9,1161,car
9,1162,car
14,1164,car
16,1169,truck
23,1174,car
29,1181,car
34,1185,car
34,1186,car
40,1188,car
41,1189,bus
46,1193,truck
47,1194,truck
1,1195,car
3,1197,car
3,1198,truck
7,1202,car
7,1203,car
15,1204,truck
22,1207,car
24,1209,car
27,1211,car
29,1212,car
34,1218,car
39,1220,truck
42,1223,car
43,1224,car
47,1230,car
53,1234,car
3,1240,car
3,1241,car
3,1242,car
4,1245,truck
4,1246,car
6,1249,truck
6,1250,car
6,1251,truck
23,1268,car
23,1269,car
23,1271,car
26,1272,car
27,1275,car
27,1278,car
31,1280,car
33,1283,car
35,1284,car
35,1285,car
45,1291,car
46,1292,car
3,1298,car
3,1299,car
3,1300,car
3,1301,car
13,1314,car
13,1315,car
21,1323,truck
27,1332,car
33,1336,car
36,1339,car
41,1343,truck
44,1347,car
45,1349,car
46,1350,car
48,1351,car
49,1355,truck
3,1362,car
3,1363,car
3,1364,car
3,1365,car
3,1366,car
4,1369,truck
7,1375,car
10,1379,truck
13,1380,car
14,1385,truck
16,1390,truck
17,1392,car
24,1398,truck
26,1400,truck
30,1405,car
39,1415,truck
40,1417,car
41,1420,car
47,1428,car
49,1429,car
49,1430,car
49,1431,car
49,1432,car
49,1433,car
3,1439,car
3,1440,car
3,1442,car
3,1443,car
3,1444,car
3,1446,car
3,1447,car
3,1448,car
3,1449,truck
3,1450,car
3,1451,truck
4,1452,car
6,1456,car
7,1459,car
8,1461,car
11,1464,truck
15,1467,car
17,1468,car
18,1470,car
24,1475,car
26,1476,car
30,1479,car
30,1480,truck
34,1484,car
35,1485,car
37,1489,car
39,1492,car
39,1493,car
39,1496,car
42,1500,car
44,1502,car
52,1508,car
3,1511,car
3,1512,truck
3,1513,car
3,1514,truck
3,1515,car
3,1516,car
3,1517,truck
3,1518,car
4,1519,car
4,1520,car
7,1522,car
9,1523,car
10,1525,car
13,1527,car
13,1528,truck
25,1532,car
27,1536,car
28,1537,car
30,1541,truck
32,1543,truck
37,1544,car
39,1546,truck
42,1548,car
45,1549,truck
48,1553,car
48,1554,truck
49,1555,car
50,1556,car
2,1562,car
3,1564,car
4,1568,car
13,1576,car
14,1577,car
17,1579,car
22,1583,car
23,1585,car
25,1589,car
26,1594,car
35,1605,truck
38,1610,car
43,1613,car
47,1617,car
3,1627,truck
9,1632,car
16,1636,car
19,1637,car
20,1638,car
25,1640,car
33,1645,car
35,1648,car
37,1651,car
40,1654,car
48,1661,car
52,1668,car
3,1672,car
3,1673,car
12,1677,truck
14,1678,car
27,1682,car
32,1684,car
39,1690,car
42,1691,car
43,1693,car
50,1696,truck
5,1701,car
5,1702,truck
5,1704,truck
5,1705,car
5,1706,car
5,1707,car
5,1708,car
5,1709,car
5,1710,truck
7,1712,truck
11,1719,car
12,1724,truck
14,1727,car
16,1730,car
24,1739,car
27,1747,car
28,1748,car
28,1749,truck
31,1752,truck
32,1753,car
37,1755,car
37,1756,car
42,1760,truck
52,1764,car
9,1779,car
13,1782,car
15,1784,car
16,1787,car
17,1788,car
18,1790,truck
18,1791,car
28,1798,car
35,1806,car
35,1807,truck
39,1810,car
49,1817,car
49,1819,car
2,1822,car
3,1824,car
3,1825,car
3,1826,car
3,1829,car
16,1844,car
19,1847,car
22,1851,car
24,1854,car
29,1858,car
30,1862,car
35,1866,car
40,1877,car
48,1882,car
50,1887,car
51,1889,car
3,1897,car
3,1898,car
3,1902,car
4,1904,car
18,1914,car
20,1917,car
22,1918,car
29,1921,car
29,1922,car
32,1924,truck
35,1930,truck
35,1931,truck
41,1941,car
51,1947,car
3,1952,truck
3,1954,car
3,1955,car
3,1956,car
3,1959,car
3,1961,car
3,1962,car
4,1965,truck
4,1966,car
4,1967,car
4,1969,truck
4,1970,car
6,1974,car
7,1978,car
8,1983,car
9,1987,car
10,1989,car
11,1991,car
13,1996,truck
14,1998,car
16,2002,car
21,2005,truck
22,2006,car
23,2008,car
24,2011,car
27,2013,car
35,2017,truck
37,2018,truck
38,2020,truck
46,2028,car
47,2030,car
47,2031,truck
51,2038,car
3,2044,truck
6,2048,car
9,2052,truck
11,2053,truck
13,2056,car
20,2058,car
23,2060,car
28,2061,truck
34,2064,car
34,2065,car
40,2067,car
44,2068,car
51,2074,car
3,2077,truck
3,2078,car
3,2079,car
3,2080,car
3,2081,car
3,2082,car
3,2083,car
3,2084,car
6,2086,car
6,2087,car
6,2088,car
6,2089,car
8,2090,car
12,2091,car
15,2094,car
31,2102,truck
33,2103,car
52,2109,car
5,2111,car
5,2114,truck
15,2125,car
15,2126,car
16,2130,truck
18,2133,car
19,2136,car
29,2146,car
33,2148,car
41,2152,truck
46,2159,car
53,2167,car
8,2172,truck
11,2175,truck
11,2176,car
11,2178,car
11,2179,car
12,2180,car
12,2181,truck
12,2182,truck
17,2187,car
24,2192,car
37,2197,car
3,2206,car
17,2217,truck
24,2221,car
52,2234,truck
3,2239,car
3,2241,car
3,2242,car
3,2243,car
3,2244,car
3,2247,car
4,2248,car
6,2253,car
7,2256,car
12,2264,truck
16,2270,car
21,2274,car
22,2275,truck
32,2298,car
36,2299,car
38,2301,truck
38,2302,car
43,2311,truck
44,2313,truck
49,2320,car
5,2330,truck
5,2331,truck
6,2334,car
8,2335,car
12,2339,car
17,2342,car
33,2350,car
45,2364,car
47,2365,truck
3,2372,car
4,2379,truck
9,2384,car
12,2387,car
16,2392,car
21,2398,car
22,2402,car
37,2419,truck
37,2420,truck
3,2437,car
3,2438,car
3,2439,truck
3,2440,car
3,2441,truck
3,2442,car
3,2443,truck
3,2444,car
3,2445,bus
3,2446,car
3,2447,car
4,2454,car
4,2455,car
8,2462,truck
10,2463,car
11,2466,car
13,2471,truck
17,2474,car
22,2476,bus
28,2481,car
28,2483,truck
39,2496,truck
44,2500,car
50,2502,truck
53,2504,car
3,2506,truck
3,2507,car
3,2508,truck
3,2509,car
3,2510,car
5,2513,car
7,2515,car
10,2518,car
11,2521,car
12,2522,car
16,2524,car
20,2529,car
20,2530,car
35,2535,car
37,2536,car
38,2540,truck
39,2542,truck
3,2557,car
3,2558,truck
3,2559,truck
3,2560,car
3,2561,car
3,2562,car
9,2569,car
11,2570,car
14,2573,car
15,2575,car
17,2576,car
20,2579,truck
25,2584,car
28,2586,truck
32,2594,car
34,2595,car
34,2596,truck
39,2601,car
42,2603,car
6,2615,car
32,2625,car
36,2627,truck
4,2638,truck
19,2639,car
37,2642,car
39,2643,truck
50,2649,truck
52,2652,truck
3,2655,truck
4,2657,car
21,2661,car
28,2665,car
31,2668,car
32,2670,car
49,2678,car
51,2679,bus
51,2680,car
3,2686,car
3,2687,car
3,2688,car
3,2690,car
4,2692,truck
4,2695,car
4,2697,truck
17,2707,car
17,2708,truck
17,2709,truck
21,2713,car
21,2714,car
23,2717,car
24,2718,car
31,2724,car
31,2725,car
32,2728,car
33,2730,car
38,2735,car
38,2736,car
41,2738,car
42,2739,truck
47,2746,car
6,2759,truck
6,2760,car
6,2761,car
6,2762,car
8,2770,car
30,2790,truck
34,2796,car
41,2806,car
52,2816,truck
53,2820,truck
53,2821,car
53,2822,car
8,2824,car
11,2825,car
21,2828,truck
44,2830,car
44,2831,car
44,2832,car
47,2833,car
4,2841,truck
4,2842,car
4,2843,car
4,2846,truck
4,2848,car
8,2851,car
9,2852,truck
12,2855,car
15,2858,truck
16,2860,car
17,2862,car
20,2865,car
20,2866,car
23,2869,car
24,2870,truck
25,2871,car
25,2874,bus
28,2876,car
32,2879,car
34,2884,car
35,2885,car
36,2886,car
36,2888,car
38,2892,car
39,2893,car
39,2895,car
40,2896,car
43,2900,car
43,2901,car
47,2906,car
47,2907,car
4,2918,car
4,2919,car
4,2920,car
4,2921,truck
4,2922,truck
4,2923,car
4,2924,car
4,2925,truck
4,2926,car
4,2929,car
5,2930,car
8,2933,car
10,2934,car
11,2935,truck
16,2937,car
17,2939,car
22,2945,truck
23,2946,truck
32,2954,car
38,2959,car
44,2965,car
50,2974,car
53,2976,truck
3,2978,car
3,2979,truck
3,2980,truck
3,2981,truck
3,2982,car
3,2983,car
3,2984,car
3,2985,car
3,2986,car
3,2988,car
3,2989,truck
3,2990,car
21,3007,car
22,3008,car
26,3012,car
3,3026,truck
3,3028,car
3,3029,car
3,3030,car
10,3037,car
19,3043,car
19,3044,truck
19,3045,truck
19,3047,truck
40,3057,truck
40,3058,car
40,3059,car
41,3060,car
42,3061,car
43,3062,car
43,3064,truck
45,3065,car
47,3067,truck
52,3072,car
4,3075,car
4,3076,car
4,3079,car
5,3083,car
5,3085,car
10,3091,car
10,3092,truck
12,3094,truck
12,3095,car
13,3096,truck
14,3100,car
16,3105,truck
18,3109,car
20,3110,car
35,3125,car
36,3127,car
37,3128,car
38,3131,car
43,3137,car
46,3141,car
46,3142,car
52,3148,car
3,3150,car
3,3152,car
3,3153,car
3,3154,car
3,3155,truck
3,3156,car
3,3160,truck
7,3165,car
9,3169,car
10,3170,car
11,3173,car
17,3178,car
20,3181,car
21,3183,car
30,3192,car
36,3202,car
38,3204,truck
42,3207,car
42,3208,car
45,3214,car
49,3221,car
50,3223,car
3,3229,car
3,3230,truck
5,3234,car
6,3236,car
7,3238,car
8,3239,car
11,3241,car
29,3247,truck
29,3248,car
33,3251,car
35,3254,truck
42,3260,car
45,3262,truck
47,3270,car
52,3282,car
3,3289,truck
3,3291,truck
5,3297,car
5,3299,truck
7,3302,car
11,3307,car
20,3314,car
21,3315,car
21,3319,car
24,3320,car
24,3321,car
30,3325,car
30,3326,car
32,3328,car
37,3332,bus
39,3333,car
43,3336,truck
45,3338,car
49,3340,car
49,3342,car
50,3343,car
6,3344,car
6,3345,car
6,3346,car
6,3347,car
6,3348,car
6,3349,car
6,3350,truck
7,3351,truck
7,3355,car
7,3356,car
7,3357,car
7,3359,car
8,3361,car
12,3366,car
20,3373,car
21,3379,car
22,3381,car
22,3384,car
23,3385,car
29,3390,car
31,3391,truck
43,3395,car
44,3398,car
45,3399,car
45,3400,car
45,3401,car
3,3407,truck
3,3408,car
3,3409,car
6,3417,truck
6,3419,car
7,3421,car
8,3422,car
21,3435,car
26,3439,car
31,3445,car
33,3449,car
37,3450,car
40,3452,car
48,3453,car
3,3459,truck
4,3462,truck
5,3466,car
5,3467,car
5,3468,car
7,3471,car
8,3473,car
9,3475,car
12,3478,car
13,3479,car
19,3491,car
29,3498,car
37,3505,car
46,3512,car
3,3524,car
3,3526,truck
6,3531,car
7,3532,car
7,3534,car
8,3537,car
14,3545,car
23,3554,car
24,3557,car
29,3562,car
32,3567,car
36,3569,car
37,3570,truck
40,3572,car
45,3575,car
50,3581,truck
3,3587,car
3,3588,car
3,3589,car
3,3590,car
4,3591,truck
4,3592,car
4,3593,car
4,3594,car
4,3595,car
4,3596,car
5,3597,truck
9,3601,truck
12,3604,car
15,3606,car
19,3608,truck
21,3613,car
23,3614,car
25,3617,car
26,3618,car
37,3624,car
39,3626,car
43,3627,truck
3,3629,car
3,3631,car
3,3632,car
3,3633,truck
4,3634,car
5,3637,car
17,3646,car
20,3648,car
26,3649,car
31,3653,car
10,3668,car
10,3669,car
14,3675,truck
14,3676,car
16,3677,car
16,3680,car
16,3681,car
18,3683,car
22,3689,car
25,3692,car
27,3694,car
27,3695,truck
33,3707,truck
38,3712,car
42,3719,car
51,3724,car
3,3734,car
3,3735,car
3,3737,car
3,3739,car
3,3740,car
3,3741,car
5,3748,car
5,3749,car
8,3754,car
9,3755,truck
9,3757,car
9,3758,truck
11,3761,car
12,3765,car
13,3769,truck
16,3772,car
16,3774,car
19,3777,car
21,3778,truck
34,3784,car
41,3789,car
44,3791,car
45,3793,car
49,3797,truck
4,3802,car
4,3803,car
8,3808,car
12,3809,car
15,3812,car
15,3813,truck
15,3814,car
16,3816,car
19,3821,car
23,3824,truck
23,3826,car
28,3829,car
31,3831,car
32,3832,truck
38,3835,car
3,3842,car
3,3844,car
3,3846,car
4,3848,car
7,3850,car
9,3854,car
11,3858,car
12,3859,car
12,3860,car
14,3861,car
14,3864,car
19,3872,car
20,3873,car
20,3874,car
22,3876,car
26,3882,car
43,3894,truck
7,3905,car
11,3911,car
11,3912,car
33,3929,car
43,3935,car
48,3938,car
3,3944,car
3,3945,car
11,3953,car
28,3962,car
38,3971,car
51,3975,car
3,3978,car
3,3979,car
3,3981,car
3,3982,truck
3,3983,car
3,3984,bus
3,3985,car
3,3986,car
3,3987,car
8,3992,truck
15,3995,bus
16,3997,car
20,4000,car
26,4004,car
29,4006,car
34,4010,truck
39,4015,car
40,4016,car
45,4021,car
52,4026,car
7,4032,truck
8,4033,car
9,4034,truck
22,4042,car
24,4043,car
25,4046,truck
38,4060,car
40,4061,car
4,4075,car
7,4079,car
7,4081,car
8,4082,car
9,4083,car
13,4087,car
13,4088,car
32,4102,car
33,4103,car
49,4113,car
3,4118,truck
3,4119,car
3,4120,car
3,4122,car
3,4123,truck
5,4127,car
7,4128,car
12,4133,car
13,4134,truck
23,4140,car
3,4146,car
3,4147,car
3,4148,car
3,4149,car
3,4151,car
3,4152,car
3,4153,car
9,4161,car
11,4164,car
15,4167,car
16,4168,car
23,4174,car
47,4177,car
3,4181,car
4,4188,car
4,4189,truck
4,4190,car
4,4194,truck
9,4202,truck
23,4209,car
25,4210,car
33,4214,car
34,4215,truck
37,4217,car
40,4222,truck
44,4224,car
49,4230,car
49,4231,truck
6,4239,car
52,4251,car
4,4261,car
4,4262,truck
9,4265,car
11,4266,truck
15,4270,truck
18,4271,car
36,4276,truck
37,4277,car
37,4279,truck
45,4285,car
45,4287,car
45,4288,car
46,4291,car
50,4295,car
1,4299,car
3,4302,truck
3,4304,car
3,4306,car
3,4307,truck
3,4308,truck
3,4309,car
6,4318,car
10,4331,car
14,4338,car
14,4340,car
19,4345,car
21,4348,truck
24,4350,car
26,4352,truck
26,4353,truck
30,4358,car
31,4360,car
33,4364,truck
34,4366,truck
37,4369,car
44,4373,car
46,4375,car
3,4387,truck
4,4392,car
4,4393,car
4,4394,car
8,4402,car
11,4406,car
12,4407,car
15,4408,car
15,4409,car
22,4414,truck
23,4415,truck
28,4418,truck
37,4427,truck
40,4429,car
41,4433,car
48,4437,truck
49,4438,car
52,4440,car
52,4441,truck
7,4448,car
12,4450,truck
17,4451,car
26,4454,truck
28,4458,car
30,4460,truck
35,4464,truck
38,4468,car
48,4472,truck
50,4475,car
52,4477,car
16,4483,car
19,4484,car
29,4485,car
31,4486,car
40,4490,car
3,4502,car
3,4503,car
3,4504,car
4,4506,car
4,4507,car
6,4511,car
13,4520,truck
13,4522,car
14,4525,car
17,4527,truck
19,4529,truck
22,4534,truck
27,4543,car
30,4546,car
31,4548,car
38,4553,truck
42,4556,car
42,4557,car
50,4570,truck
3,4573,car
3,4576,car
3,4578,car
3,4579,truck
3,4580,car
3,4581,car
3,4582,car
3,4583,car
3,4584,truck
9,4590,car
11,4595,car
12,4596,car
13,4598,car
13,4599,car
22,4605,car
26,4609,car
26,4610,car
27,4613,truck
34,4617,car
39,4619,car
39,4620,car
39,4621,car
3,4628,car
3,4629,truck
3,4630,car
6,4633,car
7,4634,car
18,4641,car
33,4647,car
33,4649,car
35,4651,car
46,4658,car
46,4659,car
48,4666,car
48,4668,car
49,4670,car
51,4672,car
52,4673,truck
3,4678,truck
3,4679,car
3,4680,truck
3,4681,car
10,4694,truck
10,4695,truck
12,4700,car
13,4701,car
15,4704,car
16,4705,car
18,4706,truck
24,4710,car
24,4711,truck
26,4713,truck
33,4721,car
33,4722,car
43,4726,car
3,4737,car
3,4738,car
3,4740,truck
4,4745,car
4,4747,car
4,4748,truck
5,4751,truck
6,4753,car
6,4754,car
11,4759,truck
13,4763,car
15,4767,car
16,4768,truck
17,4771,truck
23,4778,truck
25,4781,car
26,4782,car
27,4783,car
3,4803,car
13,4813,car
13,4815,car
13,4816,car
14,4819,truck
17,4822,truck
37,4834,car
37,4836,truck
37,4837,truck
37,4839,car
51,4844,car
53,4846,truck
3,4847,car
3,4848,car
3,4849,car
3,4850,bus
3,4851,car
3,4852,car
3,4853,car
3,4854,car
3,4856,car
3,4861,car
3,4862,car
4,4863,car
4,4864,car
4,4865,car
11,4877,car
12,4878,car
12,4879,car
14,4881,car
15,4883,car
16,4886,car
19,4890,car
20,4891,car
27,4898,bus
28,4900,car
41,4903,car
53,4909,car
7,4914,truck
22,4919,truck
33,4930,truck
40,4934,car
40,4935,truck
52,4939,car
5,4940,truck
6,4941,car
6,4942,car
6,4943,car
6,4944,car
6,4945,car
6,4946,car
6,4947,car
6,4948,car
6,4949,truck
8,4953,car
8,4954,truck
11,4958,car
40,4965,car
3,4968,car
3,4969,car
3,4971,car
3,4972,car
5,4974,car
14,4982,car
16,4986,car
18,4987,car
23,4990,car
25,4992,car
26,4993,car
31,4999,car
36,5002,truck
38,5003,car
42,5007,car
43,5008,car
47,5010,car
4,5019,car
4,5020,car
11,5026,car
23,5032,truck
24,5033,truck
26,5035,car
34,5037,car
36,5038,car
48,5045,car
1,5050,car
3,5056,car
3,5060,car
3,5063,car
4,5066,car
7,5071,car
7,5073,car
9,5077,car
12,5080,car
15,5083,car
16,5084,car
19,5091,car
28,5098,car
36,5104,car
36,5105,car
36,5108,car
43,5114,car
43,5116,car
43,5117,truck
48,5120,car
5,5128,truck
5,5129,truck
5,5130,truck
5,5131,car
5,5135,car
5,5136,car
5,5137,car
5,5138,car
8,5140,car
8,5141,car
10,5144,car
14,5149,car
15,5151,car
16,5152,truck
23,5162,car
23,5163,car
25,5165,car
32,5172,car
39,5174,car
45,5176,car
46,5177,car
51,5179,car
3,5181,car
3,5182,truck
3,5183,car
3,5184,car
3,5186,car
3,5187,car
3,5188,car
3,5189,car
3,5190,car
4,5192,car
7,5196,car
18,5203,car
20,5204,car
20,5205,car
27,5209,car
34,5213,car
34,5214,truck
44,5219,truck
48,5221,car
51,5224,car
53,5225,truck
3,5229,car
6,5234,car
19,5242,car
26,5247,car
30,5248,car
31,5249,car
45,5252,car
50,5258,car
50,5259,car
8,5261,truck
8,5265,truck
8,5266,car
11,5271,person
15,5274,car
15,5275,car
46,5286,car
46,5289,truck
3,5300,car
4,5304,car
5,5307,car
7,5310,car
8,5311,car
9,5313,car
10,5314,car
10,5315,car
10,5317,car
17,5325,truck
19,5329,car
19,5330,car
25,5343,truck
26,5344,truck
27,5346,car
28,5347,truck
34,5354,truck
37,5356,car
39,5358,car
41,5360,car
44,5365,car
45,5368,truck
47,5371,car
52,5378,car
6,5385,car
11,5386,car
11,5388,car
14,5390,car
21,5391,car
22,5392,truck
22,5393,truck
24,5395,car
24,5396,car
27,5398,car
36,5400,car
46,5406,car
47,5407,car
53,5409,truck
3,5418,car
4,5421,truck
4,5422,car
4,5423,car
6,5427,car
8,5429,car
8,5431,car
16,5442,car
18,5443,car
22,5445,truck
33,5465,car
37,5469,truck
37,5470,car
43,5476,car
51,5483,truck
3,5491,car
3,5492,truck
3,5493,car
3,5494,car
9,5506,car
10,5508,truck
15,5515,truck
15,5516,car
23,5527,car
25,5530,car
28,5533,car
35,5536,truck
39,5542,truck
40,5543,truck
40,5544,car
41,5545,truck
41,5547,car
46,5555,car
50,5558,truck
51,5561,car
53,5565,car
3,5569,car
3,5570,truck
4,5574,truck
9,5581,car
14,5585,truck
21,5592,car
23,5594,car
24,5595,truck
27,5596,car
28,5599,car
29,5600,car
40,5608,car
40,5610,car
44,5613,car
46,5618,car
47,5621,car
49,5622,car
49,5624,car
49,5625,car
50,5627,car
51,5628,car
3,5634,truck
7,5636,car
14,5639,truck
16,5640,car
24,5646,car
27,5649,truck
34,5653,car
35,5656,car
3,5663,car
3,5666,car
3,5667,truck
3,5668,car
3,5669,truck
4,5671,car
11,5677,car
12,5678,truck
18,5687,car
19,5688,car
25,5694,car
31,5703,car
32,5705,car
35,5707,car
43,5712,truck
43,5713,truck
44,5714,car
48,5719,car
19,5733,truck
23,5738,truck
25,5739,truck
32,5741,car
34,5743,car
41,5745,car
41,5746,car
3,5750,truck
3,5751,car
3,5752,car
3,5753,car
3,5754,car
8,5758,car
8,5760,car
8,5761,car
8,5762,car
8,5763,car
8,5764,car
11,5766,car
14,5771,truck
23,5778,car
32,5783,car
40,5787,car
48,5791,truck
52,5792,car
52,5793,truck
52,5795,car
20,5806,car
41,5809,car
3,5812,car
3,5813,car
3,5814,car
3,5815,truck
3,5816,car
7,5825,truck
7,5826,car
8,5828,car
8,5830,bus
8,5832,car
10,5833,car
13,5839,car
17,5847,car
18,5849,car
18,5850,car
19,5853,car
19,5854,truck
26,5863,truck
26,5864,car
26,5867,car
26,5868,truck
31,5872,car
31,5875,truck
31,5877,car
36,5880,car
40,5885,car
43,5889,car
52,5901,truck
52,5903,car
53,5906,truck
3,5911,car
3,5912,car
3,5913,truck
3,5914,truck
3,5918,car
4,5921,truck
4,5922,truck
8,5929,car
10,5931,car
12,5933,truck
14,5936,truck
36,5939,car
40,5946,car
52,5950,car
2,5954,car
3,5955,car
3,5956,car
3,5957,car
4,5958,car
4,5959,car
4,5961,car
4,5962,car
4,5967,car
4,5968,truck
5,5969,car
8,5972,car
13,5982,car
20,5988,car
34,6000,car
37,6003,car
44,6010,car
52,6011,truck
2,6016,truck
3,6018,truck
6,6034,car
6,6035,car
8,6037,car
12,6039,car
14,6040,car
14,6041,car
33,6048,car
34,6050,truck
3,6060,car
3,6062,car
3,6063,car
3,6064,car
3,6066,car
3,6067,car
3,6068,car
4,6070,car
8,6077,car
20,6087,car
26,6095,car
31,6099,truck
36,6104,car
37,6105,car
48,6114,car
3,6119,truck
3,6122,truck
13,6129,car
18,6132,car
24,6139,car
25,6142,car
29,6145,car
41,6151,car
43,6152,truck
3,6157,car
3,6158,car
3,6159,truck
3,6160,truck
4,6163,car
4,6164,car
5,6165,car
5,6166,car
5,6167,car
9,6171,car
11,6176,car
13,6178,car
15,6179,truck
17,6181,car
17,6182,car
28,6188,car
28,6190,car
35,6193,car
40,6198,truck
42,6199,truck
47,6207,car
49,6211,truck
50,6212,truck
52,6214,car
3,6219,car
3,6220,truck
3,6221,car
5,6224,truck
10,6229,car
10,6231,car
13,6234,car
14,6235,car
14,6236,truck
22,6248,car
25,6251,car
27,6255,car
35,6261,car
39,6265,car
3,6275,car
3,6276,car
3,6278,car
7,6290,car
15,6305,truck
19,6311,car
19,6312,car
21,6314,car
22,6317,car
29,6323,car
30,6326,car
43,6343,car
46,6344,car
50,6350,car
50,6351,car
4,6357,car
4,6358,truck
4,6360,truck
8,6363,car
15,6370,car
18,6374,car
21,6377,truck
23,6381,car
28,6386,truck
31,6390,car
36,6400,car
37,6402,car
39,6405,truck
39,6406,truck
43,6411,car
44,6413,car
45,6416,car
47,6419,truck
49,6423,car
50,6425,car
3,6432,car
3,6433,car
3,6434,car
3,6435,car
3,6437,car
4,6438,car
4,6440,car
4,6441,car
4,6442,car
5,6444,car
8,6447,car
10,6450,car
14,6455,car
15,6457,truck
25,6461,car
30,6462,car
32,6467,car
49,6471,car
49,6472,car
51,6473,car
52,6474,car
4,6476,truck
4,6478,truck
12,6480,car
29,6486,car
33,6487,car
4,6504,car
4,6505,car
4,6506,car
4,6507,truck
4,6508,car
4,6509,truck
9,6516,car
10,6517,car
12,6522,car
13,6523,car
14,6525,car
26,6529,car
35,6532,car
39,6534,car
39,6535,car
42,6539,car
43,6540,car
3,6542,car
5,6543,car
5,6544,car
5,6547,car
5,6548,car
5,6550,car
5,6551,car
6,6553,car
8,6555,car
9,6558,car
10,6562,car
10,6563,car
10,6564,truck
24,6573,car
24,6577,car
24,6578,car
24,6581,car
37,6585,car
38,6586,car
39,6588,car
39,6589,truck
39,6590,truck
39,6591,car
46,6598,car
47,6599,car
48,6602,car
50,6604,car
3,6612,truck
3,6613,car
7,6614,car
8,6615,car
47,6623,truck
3,6625,truck
4,6628,car
4,6629,car
4,6630,truck
5,6631,truck
14,6639,car
21,6644,car
30,6649,truck
35,6653,truck
38,6658,car
43,6662,bus
44,6664,car
44,6665,truck
4,6669,car
5,6670,car
6,6671,car
15,6678,car
15,6679,truck
23,6683,car
31,6690,car
47,6711,car
3,6718,car
6,6721,car
6,6722,car
11,6725,car
13,6729,car
16,6733,truck
19,6739,car
19,6740,car
28,6749,car
29,6750,truck
29,6751,truck
33,6753,truck
36,6756,truck
40,6760,car
44,6763,truck
52,6771,car
4,6775,truck
6,6778,car
10,6785,car
11,6787,car
15,6796,car
15,6797,car
15,6798,car
17,6800,car
18,6801,car
22,6804,car
25,6807,truck
30,6809,car
3,6824,car
3,6826,truck
3,6827,car
3,6828,truck
4,6830,car
9,6832,truck
11,6835,car
11,6836,car
11,6840,car
15,6847,car
19,6853,car
20,6856,car
21,6859,car
21,6860,car
33,6869,car
34,6872,truck
35,6874,car
39,6878,car
49,6887,truck
50,6890,truck
50,6892,car
3,6898,truck
3,6901,truck
4,6903,car
6,6904,truck
7,6906,car
21,6909,car
41,6917,car
42,6919,truck
3,6927,car
3,6928,car
3,6930,car
3,6931,car
3,6932,car
3,6933,car
3,6935,car
3,6936,car
3,6937,car
4,6938,car
5,6940,car
5,6941,car
8,6944,car
12,6947,car
13,6949,truck
14,6950,car
15,6951,car
21,6954,truck
25,6956,truck
27,6957,car
34,6964,car
34,6965,car
42,6975,car
49,6981,truck
50,6983,car
3,6991,car
3,6995,car
4,6997,car
4,6998,car
4,7002,truck
4,7003,car
4,7007,car
5,7008,car
5,7009,car
5,7010,truck
7,7013,car
22,7027,car
22,7028,car
22,7029,car
22,7030,truck
22,7031,truck
22,7033,car
22,7034,car
22,7035,car
22,7037,car
23,7038,truck
24,7040,truck
27,7045,truck
33,7048,car
33,7049,car
33,7050,truck
37,7053,car
37,7054,car
40,7056,truck
45,7059,car
47,7060,car
49,7063,car
50,7064,car
8,7084,truck
10,7087,car
10,7088,truck
23,7106,car
23,7107,car
24,7109,car
41,7124,car
4,7131,truck
5,7136,truck
5,7137,car
5,7138,car
10,7141,truck
10,7142,car
19,7148,car
24,7151,truck
31,7156,car
32,7157,car
43,7170,car
45,7172,car
46,7173,car
1,7176,truck
3,7178,car
3,7180,car
3,7181,car
3,7182,car
3,7186,car
3,7187,car
4,7190,car
5,7192,car
8,7196,car
11,7200,car
13,7202,car
19,7205,car
24,7207,car
31,7215,car
32,7216,truck
34,7222,car
35,7223,car
36,7225,truck
42,7232,truck
44,7234,car
49,7237,car
3,7241,car
3,7242,car
3,7243,car
12,7249,car
15,7251,car
18,7252,truck
19,7254,car
19,7256,car
22,7260,truck
22,7262,car
28,7273,car
35,7284,truck
45,7292,car
47,7294,truck
53,7304,car
3,7308,truck
3,7309,car
3,7310,bus
3,7311,car
3,7312,car
3,7313,car
3,7314,car
3,7315,car
3,7316,car
4,7317,car
4,7318,truck
9,7326,car
15,7340,car
16,7341,car
18,7343,car
22,7346,car
25,7348,car
30,7350,car
36,7358,car
37,7359,car
41,7360,truck
43,7362,car
45,7364,car
46,7365,car
52,7368,car
3,7371,car
4,7372,car
7,7377,car
41,7392,car
3,7394,car
3,7395,truck
3,7397,car
11,7400,car
12,7402,truck
18,7408,truck
19,7409,car
20,7410,truck
20,7412,car
25,7415,truck
29,7419,car
35,7423,car
35,7424,car
37,7427,truck
52,7443,truck
3,7446,car
3,7448,car
3,7449,car
3,7450,car
3,7451,truck
3,7452,car
5,7460,car
6,7461,car
7,7463,car
13,7469,car
15,7476,car
15,7477,car
17,7481,car
18,7483,car
20,7486,car
26,7491,truck
28,7493,car
35,7497,car
37,7503,car
38,7505,car
39,7507,car
42,7510,car
52,7521,car
52,7522,car
7,7540,car
8,7541,car
10,7544,truck
11,7545,car
18,7560,car
19,7561,car
20,7563,car
20,7564,truck
22,7568,car
25,7572,car
28,7575,car
32,7576,car
34,7580,car
35,7582,car
41,7594,car
41,7595,car
41,7596,truck
43,7600,car
47,7606,car
53,7611,car
3,7612,car
3,7613,car
3,7615,car
3,7616,truck
3,7617,car
3,7618,car
3,7619,car
3,7620,car
3,7621,car
6,7624,truck
8,7625,car
12,7627,truck
12,7628,car
12,7629,car
13,7632,car
17,7635,truck
22,7639,truck
28,7642,truck
28,7643,car
35,7652,truck
38,7655,car
42,7659,truck
42,7660,car
3,7674,truck
3,7675,car
3,7676,car
3,7677,car
3,7678,car
3,7679,car
3,7680,car
4,7684,car
4,7685,car
7,7688,car
8,7693,car
9,7695,truck
14,7700,car
18,7703,car
25,7709,car
26,7712,truck
29,7715,car
50,7734,car
52,7735,car
10,7742,car
11,7749,car
17,7754,car
18,7755,car
20,7756,car
25,7761,car
20,7786,car
47,7793,car
6,7795,truck
6,7797,truck
6,7798,car
6,7801,truck
12,7806,car
14,7811,car
24,7832,truck
26,7834,car
28,7839,car
29,7842,car
33,7849,truck
34,7853,truck
35,7854,car
37,7858,truck
37,7859,car
42,7863,car
43,7866,car
47,7868,truck
53,7870,car
3,7874,car
3,7875,truck
3,7876,car
3,7877,car
3,7878,car
3,7879,car
8,7889,car
10,7893,car
10,7894,car
14,7896,car
22,7906,car
22,7907,car
22,7909,car
27,7914,car
33,7918,car
41,7922,truck
46,7923,truck
47,7924,car
3,7926,car
3,7927,truck
3,7928,car
3,7929,car
3,7930,car
3,7931,bus
3,7933,car
5,7934,car
9,7937,car
16,7947,car
17,7948,car
26,7954,car
27,7956,car
40,7961,car
41,7962,car
43,7964,truck
45,7965,car
46,7966,truck
3,7972,car
3,7976,car
17,7984,car
17,7985,car
19,7986,car
23,7990,truck
23,7991,car
39,7997,car
3,8003,truck
4,8007,truck
4,8008,car
4,8009,car
9,8015,truck
9,8016,car
9,8017,car
11,8020,car
12,8022,car
18,8025,car
22,8027,car
24,8029,car
29,8033,car
33,8035,car
45,8040,truck
45,8041,car
4,8043,car
4,8044,car
4,8047,car
11,8054,car
25,8065,car
32,8070,truck
37,8077,truck
37,8078,car
40,8083,car
50,8087,truck
51,8089,truck
6,8094,car
6,8095,car
6,8096,truck
6,8097,car
6,8098,car
6,8099,car
6,8100,car
6,8101,car
6,8102,car
6,8103,car
6,8104,car
6,8105,car
6,8106,truck
6,8107,car
23,8115,car
25,8118,car
28,8122,car
28,8124,car
35,8130,car
37,8131,car
40,8133,car
46,8135,car
9,8141,car
15,8142,car
20,8150,car
23,8152,person
38,8156,car
38,8157,car
50,8160,car
9,8166,car
16,8175,truck
23,8185,car
31,8193,car
42,8209,truck
3,8216,car
3,8217,car
3,8218,car
3,8219,car
3,8220,car
3,8221,truck
3,8222,car
3,8223,truck
4,8225,car
12,8230,car
20,8234,car
25,8237,car
38,8239,car
44,8241,car
3,8247,truck
3,8252,car
3,8253,car
3,8255,car
3,8256,car
5,8259,car
6,8261,car
6,8262,car
8,8265,car
10,8268,car
12,8275,car
13,8276,car
14,8277,car
15,8279,car
15,8280,car
30,8293,truck
30,8294,car
31,8296,truck
31,8297,car
34,8302,car
36,8303,car
45,8313,car
47,8317,car
51,8321,car
52,8324,truck
3,8325,car
9,8328,car
11,8329,car
11,8330,car
17,8333,car
26,8335,car
40,8336,truck
46,8339,car
46,8340,car
46,8341,truck
48,8343,car
49,8344,car
49,8345,car
5,8350,truck
25,8357,car
36,8362,truck
41,8364,car
43,8367,car
53,8369,car
16,8378,car
18,8379,truck
34,8392,car
44,8398,car
3,8404,car
4,8405,car
9,8409,car
10,8410,truck
10,8411,car
11,8412,car
31,8424,car
32,8426,car
32,8427,car
33,8428,car
19,8445,car
3,8449,car
3,8450,car
3,8451,car
3,8452,truck
3,8453,truck
3,8455,car
3,8456,truck
3,8457,car
4,8461,truck
5,8462,car
5,8463,car
6,8466,car
11,8479,car
13,8481,car
15,8483,car
16,8484,car
36,8501,truck
42,8508,car
45,8511,car
48,8513,truck
51,8514,car
3,8516,car
3,8517,car
5,8519,car
6,8520,car
13,8523,car
14,8526,car
17,8531,car
31,8550,car
35,8555,truck
39,8558,car
43,8564,car
47,8568,car
47,8569,car
53,8573,car
19,8584,car
30,8587,truck
47,8589,truck
49,8594,car
49,8595,car
3,8603,car
3,8607,truck
4,8608,car
4,8610,truck
4,8611,car
4,8612,car
4,8613,car
4,8614,car
5,8616,car
5,8617,car
5,8618,car
8,8623,car
14,8634,car
15,8635,car
16,8637,car
18,8639,car
21,8643,car
25,8649,car
28,8654,car
32,8657,car
35,8665,truck
36,8668,car
39,8675,car
46,8684,car
46,8685,car
46,8686,truck
47,8688,car
50,8693,truck
53,8696,truck
53,8697,car
3,8699,car
3,8701,truck
3,8702,truck
5,8706,car
10,8712,car
10,8713,car
15,8714,car
16,8717,car
20,8720,car
21,8722,truck
25,8724,car
35,8737,car
44,8744,car
50,8747,car
50,8749,car
3,8752,truck
3,8753,car
3,8755,car
3,8759,car
3,8761,car
3,8762,car
3,8763,car
3,8764,car
3,8765,car
4,8766,car
5,8767,car
5,8769,car
7,8774,car
7,8775,car
10,8777,car
10,8778,car
11,8780,car
16,8785,car
19,8790,car
28,8798,car
34,8801,car
37,8806,car
39,8808,car
44,8812,truck
47,8814,car
47,8815,car
5,8820,car
5,8824,truck
5,8825,truck
5,8826,car
5,8827,car
5,8828,truck
8,8831,car
11,8833,car
17,8838,car
22,8842,truck
24,8843,truck
26,8846,car
32,8852,car
33,8853,car
36,8858,car
38,8861,car
39,8862,car
41,8865,car
45,8868,car
51,8871,car
3,8874,car
3,8875,car
3,8876,car
3,8877,truck
4,8879,car
4,8880,car
4,8881,car
4,8882,truck
6,8886,car
8,8888,car
16,8894,car
18,8895,car
18,8896,car
32,8904,car
33,8905,car
40,8911,car
49,8917,car
50,8919,car
6,8927,truck
8,8930,truck
9,8932,car
9,8934,car
17,8941,car
28,8949,car
33,8953,car
36,8955,car
42,8959,truck
43,8960,car
44,8962,car
45,8963,car
45,8964,car
3,8978,car
6,8983,car
9,8987,car
14,8994,car
19,9000,truck
21,9002,truck
24,9007,car
24,9008,car
25,9009,car
27,9010,car
28,9011,car
31,9014,car
34,9018,car
36,9020,car
37,9023,truck
40,9025,truck
41,9028,car
51,9038,car
51,9039,car
51,9040,truck
53,9043,car
2,9045,car
3,9046,car
3,9048,truck
3,9049,truck
3,9051,car
3,9052,car
3,9055,car
3,9057,car
6,9062,truck
8,9067,car
13,9072,car
13,9073,truck
14,9077,car
15,9080,car
20,9084,car
20,9086,car
23,9088,car
24,9089,car
30,9092,car
34,9095,truck
44,9098,car
44,9099,car
44,9100,truck
3,9108,car
3,9109,car
4,9117,car
5,9118,car
14,9126,truck
20,9130,car
22,9134,car
24,9136,car
24,9138,car
39,9153,car
40,9154,car
42,9155,truck
43,9158,truck
46,9161,car
46,9162,car
46,9164,car
49,9170,car
4,9179,bus
7,9181,car
10,9182,car
19,9188,car
43,9195,car
3,9198,car
3,9201,truck
3,9205,car
4,9206,car
4,9208,truck
6,9216,truck
13,9220,car
17,9224,car
20,9230,car
21,9231,car
23,9232,car
29,9236,car
30,9237,car
36,9243,car
46,9250,car
49,9255,car
53,9259,car
4,9263,car
4,9264,truck
4,9267,bus
5,9269,truck
9,9275,car
9,9276,truck
23,9296,car
26,9299,truck
35,9303,car
36,9304,car
44,9316,truck
3,9325,car
3,9326,car
6,9329,car
9,9337,car
10,9340,car
12,9345,car
13,9346,car
14,9349,car
19,9357,car
24,9366,car
24,9367,car
25,9368,car
3,9395,car
3,9396,car
7,9398,car
22,9403,car
26,9406,car
33,9408,car
3,9412,car
3,9413,car
4,9414,car
4,9415,truck
12,9423,car
16,9429,car
20,9435,car
22,9437,car
27,9439,car
29,9440,car
32,9443,car
3,9450,car
4,9452,car
4,9454,car
4,9455,truck
4,9460,car
5,9462,car
5,9463,car
6,9464,car
6,9465,car
10,9470,car
17,9483,car
25,9489,car
33,9495,car
36,9497,car
37,9498,car
42,9509,car
10,9532,car
14,9538,truck
23,9546,car
26,9547,car
38,9552,car
45,9556,truck
46,9558,car
3,9563,car
9,9565,car
14,9568,car
16,9570,car
22,9577,car
33,9583,truck
36,9585,car
40,9587,car
45,9593,truck
3,9594,car
3,9595,car
3,9596,car
3,9597,car
20,9611,car
20,9613,car
20,9615,car
25,9624,car
25,9626,car
25,9627,car
31,9629,car
31,9630,car
37,9633,car
46,9637,truck
47,9638,car
3,9647,car
3,9650,car
3,9652,truck
3,9653,car
3,9654,car
5,9655,truck
6,9656,car
6,9657,car
10,9662,car
12,9664,car
16,9671,car
27,9678,car
28,9679,truck
35,9683,car
37,9684,car
37,9685,car
42,9689,truck
3,9697,car
3,9698,car
3,9700,truck
4,9705,car
4,9706,car
4,9707,car
4,9708,car
8,9712,car
9,9714,car
10,9717,car
20,9732,truck
23,9736,car
24,9741,car
26,9747,car
27,9748,car
28,9750,car
32,9754,car
34,9756,car
37,9761,car
37,9762,car
37,9763,car
40,9766,car
40,9767,truck
43,9772,car
45,9777,car
45,9778,car
49,9786,car
50,9789,car
51,9791,truck
9,9798,car
15,9807,car
18,9817,car
20,9821,car
25,9827,car
27,9831,car
32,9836,car
36,9839,car
37,9841,truck
53,9848,truck
3,9852,car
3,9857,car
4,9859,car
4,9861,truck
7,9866,car
11,9873,car
21,9879,car
25,9890,truck
25,9892,car
25,9893,car
31,9902,truck
42,9910,car
45,9915,car
49,9920,car
1,9923,truck
4,9930,car
4,9931,car
4,9933,car
4,9934,car
4,9935,car
4,9936,truck
4,9937,car
4,9939,car
5,9941,car
5,9942,car
11,9950,car
12,9951,car
20,9956,car
22,9957,car
24,9961,car
24,9962,car
28,9966,car
30,9969,car
35,9977,car
38,9980,car
40,9981,car
40,9982,car
51,9987,car
2,9989,car
4,9992,car
4,9993,truck
4,9994,bus
6,9995,car
6,9996,car
26,10014,car
27,10016,car
28,10017,car
45,10027,car
47,10033,car
47,10035,car
3,10042,truck
12,10054,car
17,10058,truck
27,10061,truck
35,10069,car
35,10070,truck
35,10071,car
35,10072,car
42,10081,car
47,10088,truck
48,10089,car
51,10090,car
52,10091,car
53,10092,car
3,10094,car
3,10095,car
3,10096,truck
3,10097,car
3,10098,car
3,10099,truck
4,10102,car
4,10104,car
4,10107,car
4,10108,car
6,10109,car
7,10110,car
10,10114,car
15,10117,truck
25,10123,car
26,10124,car
29,10125,car
31,10126,car
36,10130,car
40,10133,car
42,10136,car
44,10137,car
46,10140,truck
47,10141,truck
2,10154,car
3,10155,truck
3,10156,car
3,10157,car
3,10158,car
3,10159,car
3,10160,car
4,10162,car
7,10167,car
11,10170,car
16,10172,car
18,10173,truck
28,10180,car
32,10182,car
33,10183,car
35,10185,car
37,10187,car
37,10188,truck
42,10190,car
51,10193,car
53,10196,truck
3,10198,car
3,10200,truck
3,10202,car
8,10208,truck
8,10209,truck
10,10214,car
11,10216,car
14,10219,truck
15,10220,truck
19,10222,car
24,10229,car
28,10233,car
29,10234,truck
30,10235,car
34,10237,car
36,10238,car
38,10240,car
40,10243,car
42,10246,car
3,10259,car
4,10265,car
7,10273,car
7,10274,truck
9,10276,car
12,10281,truck
12,10282,truck
13,10283,car
15,10286,car
16,10287,car
16,10288,car
29,10304,car
29,10306,car
31,10309,truck
33,10315,car
35,10318,car
36,10321,car
40,10323,car
44,10329,car
3,10344,truck
3,10345,car
4,10346,car
4,10347,car
4,10348,car
4,10351,car
6,10354,car
8,10358,truck
15,10366,car
21,10370,car
25,10377,car
25,10378,car
25,10382,car
29,10391,car
32,10398,car
36,10404,car
41,10408,car
42,10410,car
46,10413,car
46,10414,car
49,10417,car
52,10424,car
1,10426,car
3,10432,car
3,10433,car
3,10434,car
3,10435,car
3,10436,car
3,10438,truck
3,10439,car
3,10440,car
4,10442,truck
7,10446,car
7,10447,car
12,10456,car
13,10458,car
16,10461,car
17,10462,car
20,10466,car
22,10467,truck
22,10469,car
23,10470,car
24,10471,car
26,10472,truck
27,10473,car
34,10475,car
39,10478,car
42,10480,car
44,10484,car
3,10488,car
3,10489,car
3,10490,truck
3,10491,truck
21,10493,truck
32,10499,car
32,10500,car
33,10501,truck
9,10516,car
16,10519,car
49,10526,car
49,10538,car
51,10540,car
4,10547,car
4,10549,car
4,10551,car
7,10555,car
8,10557,car
9,10561,truck
10,10563,car
12,10565,car
12,10566,car
12,10567,car
14,10570,car
17,10576,truck
18,10579,truck
26,10586,truck
27,10590,car
28,10591,truck
28,10592,car
29,10593,truck
30,10594,car
31,10600,car
32,10604,truck
38,10614,car
38,10615,car
38,10616,car
45,10619,car
45,10620,car
45,10624,car
3,10632,truck
3,10634,car
4,10636,truck
12,10642,car
16,10645,car
20,10648,car
28,10652,car
29,10653,car
39,10658,truck
41,10662,car
3,10670,car
4,10674,car
4,10676,car
4,10677,car
4,10678,truck
5,10679,car
5,10681,car
12,10688,car
19,10697,truck
19,10700,car
22,10703,truck
26,10707,car
26,10708,car
29,10716,car
29,10717,car
31,10718,car
32,10720,car
32,10721,truck
36,10723,car
40,10726,car
42,10728,truck
3,10740,car
3,10741,car
3,10742,car
3,10743,car
3,10744,car
4,10746,truck
4,10747,truck
4,10750,truck
6,10754,car
6,10755,car
7,10756,car
8,10758,truck
21,10763,car
24,10766,bus
25,10767,car
27,10768,car
42,10774,truck
44,10776,car
3,10783,car
3,10784,car
4,10785,car
4,10786,car
8,10795,truck
10,10803,car
10,10805,car
13,10810,car
15,10812,car
17,10815,car
23,10821,car
27,10824,car
28,10827,car
29,10832,car
35,10838,car
36,10840,car
39,10843,car
42,10849,car
47,10854,car
47,10855,truck
48,10859,car
12,10871,car
12,10872,car
12,10874,car
13,10877,car
13,10878,car
13,10879,truck
13,10880,truck
14,10881,car
14,10883,car
20,10888,car
21,10890,truck
26,10897,car
28,10901,car
28,10903,car
31,10906,car
31,10907,car
33,10908,car
45,10917,car
51,10921,car
3,10922,car
3,10924,truck
3,10925,truck
10,10928,car
15,10930,car
16,10931,car
23,10940,car
23,10942,truck
29,10944,car
29,10945,car
29,10946,car
40,10955,car
41,10958,truck
41,10961,car
47,10968,car
47,10969,car
4,10981,truck
4,10983,car
4,10985,truck
5,10986,car
5,10987,car
7,10990,car
10,10991,truck
12,10994,car
15,10998,truck
29,11005,truck
37,11011,car
37,11012,truck
37,11013,truck
42,11017,truck
50,11021,car
3,11024,car
3,11025,car
7,11030,truck
8,11031,car
8,11032,car
9,11033,car
11,11034,car
15,11039,car
18,11040,car
18,11041,car
20,11042,car
26,11046,car
28,11049,car
30,11050,car
38,11058,car
40,11059,car
53,11077,car
14,11090,truck
20,11091,truck
34,11096,truck
39,11101,car
42,11102,truck
43,11104,truck
53,11106,car
9,11110,car
21,11114,car
3,11128,car
3,11130,car
3,11131,car
3,11133,car
3,11134,car
3,11136,car
3,11137,car
4,11139,car
4,11140,car
6,11142,car
9,11146,truck
16,11155,car
17,11156,car
23,11161,car
24,11162,truck
26,11164,car
26,11165,car
30,11166,car
30,11167,truck
30,11168,car
36,11170,car
37,11171,car
40,11173,car
44,11177,truck
47,11180,car
48,11181,car
49,11183,car
50,11185,car
3,11192,car
3,11195,car
4,11197,truck
5,11199,car
15,11205,truck
15,11208,car
18,11215,car
19,11220,car
19,11221,car
19,11222,car
19,11225,car
22,11227,car
25,11233,car
26,11235,car
26,11237,truck
27,11238,car
31,11240,truck
34,11243,car
40,11250,car
41,11252,car
3,11265,car
3,11266,truck
10,11276,truck
11,11277,truck
17,11286,truck
20,11289,car
25,11291,truck
28,11294,truck
30,11297,car
34,11300,truck
4,11307,truck
5,11309,bus
5,11311,car
5,11312,bus
5,11314,car
7,11318,car
9,11323,car
13,11326,car
17,11328,car
17,11329,bus
22,11335,car
22,11336,car
25,11340,bus
27,11342,truck
28,11343,bus
35,11349,car
40,11355,car
42,11357,truck
5,11367,car
7,11369,car
16,11374,car
17,11376,car
21,11378,car
50,11383,truck
52,11384,car
4,11393,truck
4,11395,car
4,11396,car
6,11400,car
11,11405,car
23,11413,car
27,11417,car
34,11420,truck
34,11421,car
42,11426,truck
42,11427,truck
45,11429,car
45,11430,car
48,11432,car
48,11433,car
3,11437,car
3,11438,car
3,11439,truck
3,11440,car
3,11441,car
6,11445,car
11,11452,car
16,11459,car
22,11466,car
22,11469,car
24,11472,car
26,11475,car
36,11481,truck
37,11483,car
38,11484,car
41,11489,car
3,11503,car
3,11504,car
3,11505,car
3,11506,car
3,11507,car
3,11509,car
3,11510,car
3,11511,truck
3,11512,truck
3,11513,car
3,11514,truck
4,11516,car
5,11518,car
10,11526,car
10,11527,car
15,11534,car
19,11537,car
35,11550,truck
39,11551,car
41,11554,car
51,11560,truck
52,11562,car
3,11569,truck
3,11570,car
3,11571,car
3,11572,car
3,11574,car
7,11583,car
9,11584,car
14,11587,car
15,11588,car
16,11589,car
25,11595,truck
34,11598,truck
44,11600,car
49,11602,truck
3,11604,truck
3,11605,car
3,11607,truck
3,11608,car
3,11609,car
3,11610,car
4,11612,car
4,11614,car
4,11615,car
5,11616,truck
6,11618,car
6,11620,car
7,11621,car
8,11625,car
11,11633,truck
12,11635,car
20,11643,car
23,11646,truck
24,11647,truck
24,11648,car
33,11654,truck
35,11656,car
37,11659,car
39,11661,car
40,11662,car
40,11664,truck
47,11669,car
53,11678,car
3,11681,car
3,11682,car
6,11688,car
6,11690,car
8,11693,truck
10,11696,car
18,11704,car
23,11709,car
37,11720,truck
38,11722,car
47,11730,car
4,11744,truck
23,11754,truck
27,11755,car
29,11760,car
38,11768,car
3,11782,truck
3,11783,car
3,11784,car
4,11786,car
5,11788,car
5,11789,car
7,11792,car
10,11798,car
15,11803,truck
19,11811,car
20,11813,car
21,11815,car
23,11818,truck
31,11825,truck
35,11828,car
41,11832,truck
51,11838,car
51,11840,truck
51,11841,car
1,11845,truck
3,11853,truck
3,11855,car
4,11857,car
11,11863,car
13,11865,truck
16,11870,car
16,11872,car
27,11879,truck
40,11884,truck
4,11889,car
4,11890,car
4,11891,truck
22,11903,car
23,11905,car
23,11906,car
25,11908,truck
28,11910,car
31,11912,truck
45,11924,car
46,11925,truck
51,11927,car
3,11929,truck
3,11930,car
3,11931,car
3,11933,car
3,11935,car
3,11936,car
3,11937,car
3,11938,car
3,11940,car
4,11941,truck
5,11944,car
7,11947,truck
20,11953,car
23,11957,car
24,11958,car
30,11963,motorcycle
48,11966,car
48,11970,car
49,11985,truck
50,11987,truck
12,11997,truck
12,11998,car
15,12002,truck
26,12008,car
29,12009,car
34,12012,car
39,12014,car
52,12021,truck
3,12026,car
3,12027,car
3,12028,car
3,12029,car
3,12030,car
3,12031,car
19,12045,truck
25,12052,truck
25,12053,truck
25,12054,truck
31,12062,truck
33,12065,car
37,12068,car
40,12071,truck
41,12072,car
48,12077,car
48,12078,car
3,12086,truck
11,12091,car
15,12095,car
42,12108,truck
51,12114,truck
51,12116,car
3,12124,car
3,12126,car
4,12128,truck
6,12131,car
12,12134,car
18,12138,truck
30,12144,car
30,12145,car
37,12147,car
3,12152,car
9,12158,truck
25,12163,car
37,12165,car
47,12174,car
18,12186,truck
22,12189,car
27,12192,car
29,12193,car
40,12199,car
51,12205,truck
3,12208,car
3,12209,car
3,12210,truck
3,12212,car
3,12213,car
3,12218,car
4,12219,car
5,12220,car
5,12221,car
5,12223,car
8,12228,truck
11,12231,car
17,12237,car
19,12239,car
20,12240,car
22,12241,car
26,12244,car
27,12245,car
34,12250,car
34,12252,car
40,12256,car
48,12258,car
3,12263,truck
4,12266,car
10,12281,car
18,12283,car
34,12287,car
39,12291,car
3,12300,car
3,12301,truck
3,12302,car
3,12305,truck
4,12307,car
4,12308,car
8,12313,truck
20,12321,car
20,12322,car
24,12325,car
28,12331,car
30,12332,truck
40,12338,car
49,12346,car
3,12356,car
4,12358,car
4,12359,car
4,12360,car
4,12363,car
6,12364,car
8,12365,truck
12,12374,truck
14,12377,car
16,12381,truck
31,12392,truck
35,12396,car
36,12397,car
36,12398,car
39,12400,car
40,12402,car
43,12406,truck
44,12407,car
44,12408,truck
49,12412,car
4,12425,car
4,12426,car
4,12427,car
4,12428,car
4,12429,car
4,12430,car
4,12432,truck
6,12436,car
12,12443,truck
14,12451,car
14,12452,car
15,12454,car
15,12455,car
15,12456,car
16,12458,car
27,12472,car
31,12477,car
33,12479,bus
36,12482,car
39,12483,car
41,12486,car
49,12492,truck
49,12494,truck
51,12495,truck
51,12497,car
32,12508,car
38,12510,car
42,12513,car
45,12516,car
48,12518,car
3,12521,car
7,12524,car
7,12525,car
10,12526,car
16,12531,car
23,12535,car
24,12537,truck
33,12543,car
41,12554,truck
43,12555,car
46,12557,car
3,12568,truck
3,12570,car
3,12571,truck
3,12573,truck
3,12574,car
4,12575,car
4,12577,car
8,12583,car
8,12585,car
11,12589,car
15,12593,car
17,12597,car
18,12599,truck
19,12600,car
27,12611,car
29,12612,car
29,12615,car
32,12619,car
33,12621,car
33,12622,car
38,12626,car
39,12629,car
40,12632,car
40,12633,truck
40,12634,car
2,12649,car
3,12650,truck
5,12652,truck
11,12659,car
16,12665,car
16,12666,car
19,12670,truck
24,12673,car
25,12674,truck
27,12677,car
37,12684,car
37,12685,car
37,12686,car
43,12693,truck
43,12694,car
43,12695,car
28,12707,car
39,12709,car
4,12714,truck
5,12716,truck
6,12718,car
14,12729,car
14,12730,car
18,12731,car
18,12732,truck
20,12735,truck
20,12736,car
21,12737,car
25,12741,truck
28,12746,truck
28,12747,car
28,12749,car
31,12753,truck
33,12755,car
34,12756,car
35,12759,car
36,12760,car
39,12764,car
41,12768,car
43,12771,car
44,12773,car
45,12776,truck
3,12785,car
3,12786,car
3,12787,car
3,12788,car
3,12789,car
3,12790,car
3,12791,car
5,12796,car
10,12803,truck
12,12804,car
19,12811,truck
24,12816,truck
34,12822,truck
36,12824,car
37,12825,car
40,12827,car
43,12830,car
52,12833,car
4,12836,car
4,12837,bus
5,12843,truck
5,12844,truck
10,12848,car
15,12852,car
25,12857,car
39,12864,car
45,12866,truck
50,12867,car
3,12872,car
7,12874,car
7,12876,car
8,12877,car
12,12882,truck
14,12887,car
16,12889,truck
28,12902,car
33,12910,car
33,12911,car
36,12913,car
40,12919,car
40,12921,car
43,12924,car
50,12934,car
1,12937,car
3,12938,car
3,12939,car
3,12941,truck
3,12943,truck
3,12944,truck
11,12952,car
12,12953,car
18,12960,truck
24,12966,car
26,12968,car
26,12969,car
36,12982,car
37,12984,car
37,12985,truck
40,12989,car
42,12991,truck
45,12995,truck
46,12996,car
3,13006,car
3,13008,car
4,13011,car
4,13013,car
21,13030,truck
21,13032,car
21,13033,car
21,13034,car
29,13043,car
29,13044,car
40,13056,car
40,13057,truck
45,13061,car
46,13064,car
48,13068,truck
51,13071,car
3,13090,car
3,13091,car
3,13095,car
3,13096,car
4,13100,car
4,13101,car
4,13102,car
4,13104,car
4,13105,truck
11,13120,car
11,13121,car
14,13126,car
15,13129,car
16,13131,car
17,13133,car
21,13139,truck
25,13146,car
28,13150,car
28,13151,truck
34,13155,car
35,13157,car
40,13164,car
